Allitt,Weller,Hawkin,Molle,Ellicott,Gwyon,Plumb
Weller,Allitt,Skeggs,Clowsay,Etherton,Kitts
Skeggs,Weller,Plumb,Buzby,Hawkin,Etherton,Fairbank,Molle
Etherton,Weller,Skeggs,Stapley,Risam,Sadler
Stapley,Etherton,Benton,Matthieu,Plumb,Molle
Benton,Stapley,Battle,Hawkin,Fairbank,Buzby,Plumb
Buzby,Skeggs,Risam,Sadler,Matthieu,Clowsay,Benton,Molle,Hawkin
Plumb,Allitt,Skeggs,Stapley,Clowsay,Benton,Kitts,Fairbank
Molle,Allitt,Skeggs,Stapley,Buzby,Ellicott
Kitts,Plumb,Weller,Clowsay,Fairlie,Risam,Gwyon
Gwyon,Allitt,Sadler,Kitts,Ellicott,Matthieu,Risam,Fairbank
Matthieu,Stapley,Buzby,Gwyon,Battle,Fairbank,Hawkin,Sadler
Hawkin,Allitt,Skeggs,Benton,Buzby,Matthieu,Clowsay
Risam,Etherton,Buzby,Kitts,Gwyon
Clowsay,Weller,Buzby,Plumb,Kitts,Hawkin,Battle,Ellicott
Battle,Benton,Matthieu,Ellicott,Clowsay
Fairlie,Kitts,Fairbank,Sadler
Ellicott,Allitt,Molle,Gwyon,Battle,Clowsay
Sadler,Etherton,Buzby,Gwyon,Fairlie,Matthieu
Fairbank,Skeggs,Benton,Gwyon,Matthieu,Fairlie,Plumb
